event_id,start_time,mid_time,end_time,depth,duration
1,0.0,0.05,0.075,0.018628682921365547,0.075
2,3.125,3.175,3.275,0.019476736772785053,0.1499999999999999
3,6.325,6.4,6.475,0.02116984428511215,0.14999999999999947
4,9.525,9.6,9.675,0.01912971473688574,0.15000000000000036
5,12.725,12.875,12.875,0.020704814755736933,0.15000000000000036
6,15.925,16.0,16.075,0.020908827710559574,0.14999999999999858
7,19.125,19.15,19.275,0.02015477982851921,0.14999999999999858
8,22.325,22.475,22.475,0.020983832473362107,0.15000000000000213
